Player_Name,Team,Win,Loss,Save,Games,GS,IP,K9,BB9,HR9,BABIP,LOBPCT,GBPCT,HRFB,EV,ERA,FIP,xFIP,WAR,FAPCT,FCPCT,FSPCT,SIPCT,CHPCT,SLPCT,CUPCT,CSPCT,KNPCT,SBPCT,XXPCT,vFA,vFC,vFS,vSI,vCH,vSL,vCU,vCS,vKN,vSB,wFA,wFC,wFS,wSI,wCH,wSL,wCU,wCS,wKN,wSB
Aaron Thompson,Twins,1,3,0,41,0,32.1,4.73,3.06,0.56,0.28,5970.00,3650.00,500.00,88.50,5.01,3.91,4.93,0.20,4370.00,,,80.00,650.00,4820.00,80.00,,,,,90.50,,,90.40,83.20,81.90,74.70,,,,0.70,,,-0.30,-0.10,3.60,-0.60,,,
Jon Edwards,- - -,0,0,0,22,0,16.2,11.88,8.64,2.16,0.242,8930.00,1890.00,1600.00,87.60,4.32,6.49,5.59,-0.40,5610.00,,,,,3790.00,610.00,,,,,95.20,,,,,87.80,79.90,,,,-5.50,,,,,2.20,0.60,,,
Jacob Brigham,Braves,0,1,0,12,0,16.2,6.48,4.32,0.54,0.435,5900.00,4130.00,770.00,86.00,8.64,4.09,4.47,0.00,3680.00,,,2570.00,360.00,2930.00,400.00,,,,70.00,92.30,,,91.80,85.60,85.30,78.10,,,,-0.80,,,-5.80,-0.50,1.40,-0.80,,,
Josh Ravin,Dodgers,2,1,0,9,0,9.1,11.57,3.86,2.89,0.37,7970.00,4330.00,3000.00,93.50,6.75,6.35,3.75,-0.30,8080.00,,,,50.00,1870.00,,,,,,97.60,,,,84.90,84.40,,,,,-2.40,,,,0.20,-0.90,,,,
Angel Castro,Athletics,0,1,0,5,0,4,9,6.75,2.25,0.5,10000.00,5710.00,2500.00,91.10,2.25,6.63,4.86,-0.10,3750.00,,,3860.00,570.00,1820.00,,,,,,95.50,,,95.50,88.30,82.30,,,,,-1.30,,,-0.10,-0.40,-0.80,,,,
Jumbo Diaz,Reds,2,1,1,61,0,60.1,10.44,2.69,1.34,0.316,7530.00,4370.00,1640.00,86.90,4.18,3.80,3.20,0.30,5120.00,110.00,,2030.00,710.00,2030.00,,,,,,98.10,95.30,,98.00,90.70,87.30,,,,,3.50,-0.20,,-2.00,-1.20,-1.40,,,,
Carlos Frias,Dodgers,5,5,0,17,13,77.2,4.98,3.01,0.81,0.319,7370.00,5510.00,1190.00,87.80,4.06,4.32,4.27,0.20,2350.00,2930.00,,3330.00,890.00,480.00,10.00,,10.00,,,95.60,90.80,,95.40,88.20,80.90,92.20,,77.60,,1.60,6.10,,-6.20,-2.70,-1.40,0.00,,0.00,
Enrique Burgos,Diamondbacks,2,2,2,30,0,27,13,5,0.67,0.385,6890.00,3430.00,770.00,90.90,4.67,2.87,3.33,0.50,5000.00,,,40.00,,4960.00,,,,,,96.60,,,92.80,,87.60,,,,,-3.90,,,0.00,,2.80,,,,
Enny Romero,Rays,0,2,0,23,0,30,9.3,3.9,0.3,0.4,6720.00,4680.00,330.00,91.50,5.10,2.80,3.84,0.40,6740.00,2060.00,,,70.00,,1140.00,,,,,97.20,90.40,,,88.70,,85.00,,,,-4.60,0.40,,,0.20,,0.60,,,
Marcus Hatley,Cardinals,0,0,0,2,0,1.1,13.5,13.5,0,0.333,10000.00,10000.00,0.00,86.70,0.00,4.63,4.63,0.00,420.00,7080.00,,2500.00,,,,,,,,88.80,84.90,,89.80,,,,,,,0.20,0.20,,-0.50,,,,,,
Erik Cordier,Marlins,0,0,0,8,0,12.1,5.11,4.38,0.73,0.293,6450.00,4390.00,630.00,88.30,5.84,4.76,5.62,-0.10,6760.00,,,,,3240.00,,,,,,98.40,,,,,86.40,,,,,-3.40,,,,,2.60,,,,
Mitchell Harris,Cardinals,2,1,0,26,0,27,5,4.33,1.33,0.289,7750.00,4510.00,1080.00,88.10,3.67,5.39,5.49,-0.30,5380.00,3820.00,410.00,20.00,,,370.00,,,,,95.70,88.90,88.10,95.50,,,79.00,,,,1.90,-3.00,-0.20,-0.40,,,-0.50,,,
Ryan Kelly,Braves,0,0,0,17,0,16.2,5.4,3.24,2.7,0.302,6500.00,4560.00,2080.00,91.00,7.02,6.91,5.14,-0.40,2740.00,,,1430.00,,4710.00,1120.00,,,,,93.10,,,92.40,,88.70,79.40,,,,-3.90,,,0.00,,0.50,-0.50,,,
Mike Montgomery,Mariners,4,6,0,16,16,90,6.4,3.7,1.1,0.29,7140.00,5120.00,1330.00,89.30,4.60,4.67,4.44,0.20,2930.00,1420.00,,2330.00,2040.00,,1280.00,,,,,91.30,87.50,,91.40,81.30,,75.70,,,,-0.90,0.60,,-0.70,-2.80,,-0.60,,,
Bo Schultz,Blue Jays,0,1,1,31,0,43,6.49,2.93,1.47,0.208,7530.00,4880.00,1630.00,89.90,3.56,4.86,4.21,-0.30,6010.00,2570.00,,,60.00,1360.00,,,,,,96.40,91.90,,,87.80,86.50,,,,,-2.30,4.30,,,0.30,3.30,,,,
C.C. Lee,Indians,0,0,0,2,0,1.2,16.2,5.4,0,0.667,8000.00,5000.00,0.00,77.00,5.40,1.33,2.22,0.00,,,,7690.00,,2310.00,,,,,,,,,93.70,,85.00,,,,,,,,-1.40,,0.20,,,,
Edgar Ibarra,Angels,0,0,0,2,0,4,6.75,6.75,0,0.308,8570.00,3850.00,0.00,88.30,2.25,3.88,4.99,0.00,5880.00,,,,2630.00,1500.00,,,,,,91.20,,,,84.20,83.30,,,,,-0.40,,,,0.00,0.40,,,,
Jose Alvarez,Angels,4,3,0,64,0,67,7.93,3.09,0.67,0.277,7220.00,5100.00,860.00,85.50,3.49,3.60,3.90,0.40,2630.00,,,2560.00,1640.00,2310.00,870.00,,,,,91.70,,,91.30,79.50,84.80,76.20,,,,2.70,,,2.30,0.60,3.60,-1.00,,,
Phillippe Aumont,Phillies,0,1,0,1,1,4,6.75,15.75,4.5,0.273,6520.00,5380.00,6670.00,93.10,13.50,13.38,7.99,-0.30,1640.00,,190.00,5290.00,,,2890.00,,,,,92.60,,84.80,93.30,,,80.50,,,,-1.00,,-0.10,-1.20,,,-1.30,,,
Manny Banuelos,Braves,1,4,0,7,6,26.1,6.49,4.1,1.37,0.313,7110.00,4020.00,1290.00,91.90,5.13,5.37,5.14,-0.20,5660.00,,,,2170.00,1000.00,1170.00,,,,,89.70,,,,80.20,83.40,75.40,,,,-1.00,,,,-2.20,-1.10,0.60,,,
Pedro Baez,Dodgers,4,2,0,52,0,51,10.59,1.94,0.71,0.326,6930.00,3760.00,690.00,88.00,3.35,2.51,3.17,1.00,6200.00,70.00,,1040.00,1040.00,1570.00,30.00,,,,40.00,97.90,95.20,,97.20,87.70,89.40,73.70,,,,-1.40,0.70,,1.40,1.10,1.20,0.10,,,
Arodys Vizcaino,Braves,3,1,9,36,0,33.2,9.89,3.48,0.27,0.295,8550.00,3490.00,310.00,91.20,1.60,2.48,3.50,0.80,6800.00,,,,40.00,,3160.00,,,,,98.30,,,,90.10,,85.60,,,,-0.70,,,,0.00,,6.60,,,
Arnold Leon,Athletics,0,2,0,19,0,26.2,6.41,3.04,1.01,0.321,7180.00,4590.00,1030.00,90.50,4.39,4.18,4.33,0.00,5880.00,900.00,,20.00,1000.00,780.00,1420.00,,,,,92.80,87.20,,90.10,82.70,83.50,74.30,,,,-1.10,-1.30,,-0.10,-1.20,3.00,0.20,,,
Brooks Brown,Rockies,1,3,0,36,0,33,5.45,4.36,0.55,0.278,6710.00,5050.00,690.00,88.30,4.91,4.26,4.76,0.10,5590.00,,,,3120.00,1270.00,,,,,20.00,93.80,,,,86.10,85.40,,,,,3.30,,,,-1.00,-1.00,,,,
Junior Guerra,White Sox,0,0,0,3,0,4,6.75,2.25,2.25,0.462,7580.00,5710.00,3330.00,88.00,6.75,5.63,3.49,0.00,4840.00,,2580.00,,320.00,2100.00,160.00,,,,,95.10,,87.00,,87.50,83.00,86.60,,,,-1.80,,0.00,,0.00,-0.10,0.20,,,
Jose De Paula,Yankees,0,0,0,1,0,3.1,5.4,10.8,2.7,0.125,10000.00,2220.00,1670.00,90.20,2.70,9.43,8.19,-0.10,4850.00,,,,2120.00,,3030.00,,,,,91.40,,,,85.70,,79.90,,,,-2.30,,,,0.20,,1.90,,,
Bruce Rondon,Tigers,1,0,5,35,0,31,10.45,5.52,0.87,0.329,6280.00,4120.00,1030.00,88.00,5.81,4.10,4.22,0.10,5990.00,,,,630.00,3390.00,,,,,,98.30,,,,90.30,87.10,,,,,-6.20,,,,-0.50,4.10,,,,
Jorge Rondon,- - -,0,1,0,10,0,14.1,5.65,5.65,1.88,0.417,3350.00,4030.00,1670.00,91.40,13.19,6.48,5.62,-0.20,5220.00,,,1100.00,650.00,3020.00,,,,,,96.30,,,95.60,86.50,88.00,,,,,-8.00,,,-0.80,-1.60,-0.30,,,,
Jesus Sucre,Mariners,0,0,0,2,0,2,0,0,4.5,0.5,6520.00,2730.00,2500.00,96.80,13.50,9.63,6.09,-0.10,9620.00,,,,,,390.00,,,,,89.00,,,,,,74.50,,,,-2.10,,,,,,0.00,,,
Sugar Marimon,Braves,0,1,0,16,0,25.2,4.91,4.91,1.05,0.314,5780.00,3680.00,790.00,88.40,7.36,5.20,5.86,-0.30,3640.00,,,2540.00,1790.00,720.00,1290.00,,,,20.00,92.00,,,92.10,82.70,80.70,79.20,,,,0.60,,,-1.10,-6.70,1.10,0.10,,,
Joe Wieland,Dodgers,0,1,0,2,2,8.2,4.15,5.19,2.08,0.276,5740.00,3870.00,2000.00,88.70,8.31,6.94,5.64,-0.20,5990.00,,,260.00,1180.00,,2570.00,,,,,91.50,,,91.00,85.00,,76.40,,,,-1.70,,,-0.10,0.60,,-1.90,,,
Juan Jaime,Braves,0,1,0,2,0,1.1,6.75,27,0,0,7500.00,5000.00,0.00,95.20,6.75,10.63,11.74,-0.10,8440.00,,,,1560.00,,,,,,,95.70,,,,87.10,,,,,,-0.40,,,,0.40,,,,,
Diego Moreno,Yankees,1,0,0,4,0,10.1,6.97,2.61,0.87,0.258,6350.00,4060.00,670.00,87.20,5.23,4.30,5.18,0.00,4550.00,,,,3150.00,2300.00,,,,,,95.60,,,,88.90,88.20,,,,,0.30,,,,-1.20,1.10,,,,
Trevor May,Twins,8,9,0,48,16,114.2,8.63,2.04,0.86,0.34,7350.00,3900.00,800.00,88.70,4.00,3.25,3.76,2.50,4840.00,,,1180.00,1890.00,520.00,1580.00,,,,,93.90,,,92.40,85.90,85.00,78.00,,,,0.10,,,1.50,0.40,-1.10,-5.20,,,
Stolmy Pimentel,Rangers,0,1,0,8,0,11.1,5.56,2.38,0.79,0.286,7140.00,4860.00,1000.00,88.30,3.97,3.84,4.00,0.10,2970.00,,3150.00,3880.00,,,,,,,,94.00,,88.70,93.40,,,,,,,2.80,,-1.50,-0.50,,,,,,
Blaine Hardy,Tigers,5,3,0,70,0,61.1,8.07,3.23,0.29,0.319,7510.00,3900.00,300.00,88.30,3.08,2.89,4.08,1.30,4120.00,1840.00,,10.00,1620.00,10.00,2390.00,,,,10.00,89.10,84.60,,90.10,79.50,85.10,77.50,,,,6.00,-3.30,,0.00,-4.50,0.00,3.40,,,
Alex Colome,Rays,8,5,0,43,13,109.2,7.22,2.54,0.74,0.317,7220.00,4010.00,780.00,89.20,3.94,3.55,4.05,1.80,5460.00,2310.00,,,1280.00,,950.00,,,,,95.20,88.50,,,86.50,,80.90,,,,1.70,1.30,,,-1.00,,2.50,,,
Miguel Socolovich,Cardinals,4,1,0,28,0,29.2,8.19,3.03,0.3,0.276,8330.00,4770.00,330.00,85.80,1.82,2.76,3.82,0.40,900.00,,,3140.00,2960.00,3000.00,,,,,,91.10,,,91.10,82.10,82.50,,,,,1.00,,,1.10,2.60,0.80,,,,
Cesar Cabral,Orioles,0,0,0,2,0,1,9,9,0,0,10000.00,10000.00,0.00,105.20,0.00,4.13,4.13,0.00,,,,6670.00,670.00,2670.00,,,,,,,,,91.10,84.30,83.40,,,,,,,,0.90,0.00,-0.20,,,,
Marcos Mateo,Padres,1,1,0,26,0,27,11,3,1.67,0.27,6670.00,3480.00,1520.00,86.40,4.00,4.43,3.83,-0.10,3030.00,20.00,,1560.00,60.00,5330.00,,,,,,95.30,65.30,,94.80,89.50,85.60,,,,,1.70,0.00,,2.00,0.20,-2.40,,,,
Clint Robinson,Nationals,0,0,0,1,0,1,9,0,0,0.333,10000.00,6670.00,0.00,88.90,0.00,1.13,2.61,0.00,6670.00,,,,,,3330.00,,,,,81.30,,,,,,72.20,,,,0.00,,,,,,0.20,,,
Luis Garcia,Phillies,4,6,2,72,0,66.2,8.51,5,0.54,0.34,7830.00,6300.00,1330.00,88.70,3.51,3.69,3.57,0.50,5910.00,,,,,4090.00,,,,,10.00,96.40,,,,,85.60,,,,,-3.50,,,,,0.10,,,,
Pat Venditte,Athletics,2,2,0,26,0,28.2,7.22,3.77,0.94,0.235,6710.00,3290.00,710.00,86.80,4.40,4.15,4.95,0.20,4380.00,,,,150.00,,5030.00,,,,440.00,85.40,,,,78.60,,73.70,,,,-1.00,,,,-0.90,,0.60,,,
Preston Guilmet,- - -,0,0,0,5,0,7.1,7.36,4.91,2.45,0.304,3920.00,4400.00,2500.00,92.80,11.05,6.68,4.74,-0.10,5730.00,,2740.00,,,1450.00,80.00,,,,,88.90,,83.70,,,83.20,82.30,,,,-2.90,,-1.30,,,1.50,0.20,,,
Austin Adams,Indians,2,0,1,28,0,33.1,6.21,3.51,0.54,0.315,7420.00,4680.00,500.00,89.20,3.78,3.70,4.70,0.10,7220.00,,,,810.00,1970.00,,,,,,98.10,,,,90.50,88.00,,,,,2.00,,,,-1.60,-1.80,,,,
Jay Jackson,Padres,0,0,0,6,0,4.1,8.31,2.08,0,0.467,6250.00,4670.00,0.00,93.30,6.23,1.98,3.34,0.10,6810.00,,,,,3190.00,,,,,,95.10,,,,,86.00,,,,,-1.10,,,,,0.50,,,,
Tommy Layne,Red Sox,2,1,1,64,0,47.2,8.5,5.1,0.57,0.292,7300.00,5470.00,1000.00,86.80,3.97,3.89,4.00,0.20,1470.00,2170.00,,4860.00,560.00,900.00,50.00,,,,,90.70,85.60,,90.60,84.20,82.90,76.50,,,,-3.30,3.20,,2.30,-0.80,0.30,-0.10,,,
Colt Hynes,Blue Jays,0,0,0,5,0,3,12,6,0,0.667,8000.00,5000.00,0.00,88.60,6.00,2.47,2.96,0.00,4560.00,,,1050.00,1400.00,2980.00,,,,,,90.10,,,89.70,82.10,82.70,,,,,-1.20,,,-0.10,0.10,-0.70,,,,
Neil Ramirez,Cubs,1,0,0,19,0,14,9.64,3.86,0.64,0.289,7830.00,3850.00,590.00,93.20,3.21,3.21,4.07,0.10,6290.00,,,,40.00,2620.00,1010.00,,,,40.00,93.60,,,,86.40,85.60,77.40,,,,-1.30,,,,-0.50,2.00,-0.20,,,
David Holmberg,Reds,1,4,0,6,6,28.1,4.76,5.08,3.18,0.28,7500.00,4020.00,2440.00,89.40,7.62,8.57,6.12,-0.90,4550.00,,,1420.00,2430.00,670.00,930.00,,,,,88.70,,,88.30,82.50,80.20,74.00,,,,-5.90,,,-2.10,-3.20,0.30,-0.50,,,
Bobby LaFromboise,Pirates,0,0,0,11,0,8,9,1.13,1.13,0.211,10000.00,3680.00,1250.00,85.80,1.13,3.13,2.98,0.10,2480.00,,,2020.00,1190.00,4310.00,,,,,,89.10,,,88.00,80.90,79.70,,,,,0.50,,,0.00,0.70,1.10,,,,
Hunter Strickland,Giants,3,3,0,55,0,51.1,8.77,1.75,0.7,0.24,7920.00,3980.00,780.00,88.10,2.45,2.90,3.35,0.70,6530.00,,,560.00,480.00,2420.00,10.00,,,,,97.80,,,96.10,88.80,85.80,99.30,,,,14.30,,,-1.20,-0.40,0.30,0.00,,,
Jaff Decker,Pirates,0,0,0,1,0,1,0,0,0,0.4,10000.00,4000.00,0.00,88.60,0.00,3.13,4.61,0.00,10000.00,,,,,,,,,,,80.80,,,,,,,,,,-0.40,,,,,,,,,
Matt West,Dodgers,0,0,0,2,0,3,6,3,0,0.25,10000.00,3750.00,0.00,91.00,0.00,2.80,4.77,0.00,7190.00,,,,880.00,,1930.00,,,,,94.40,,,,85.20,,75.00,,,,1.10,,,,0.00,,0.00,,,
Jason Gurka,Rockies,0,0,0,9,0,7.2,8.22,2.35,1.17,0.517,6020.00,4330.00,1000.00,89.90,9.39,3.79,4.02,0.00,3170.00,,,2040.00,1410.00,490.00,2890.00,,,,,91.80,,,91.50,82.50,82.00,76.50,,,,-3.30,,,-1.90,0.80,0.00,0.50,,,
Nick Greenwood,Cardinals,0,1,0,1,0,0,0,0,9,1,0.00,0.00,10000.00,99.60,18.00,16.13,4.61,0.00,,,,3750.00,5000.00,1250.00,,,,,,,,,87.90,80.80,79.00,,,,,,,,-1.40,-0.40,0.00,,,,
Steven Wright,Red Sox,5,4,0,16,9,72.2,6.44,3.34,1.49,0.252,7290.00,4320.00,1220.00,87.40,4.09,5.01,4.85,-0.10,300.00,,,730.00,,,,,8970.00,,,86.10,,,83.20,,,,,74.20,,-0.90,,,3.10,,,,,-4.50,
JC Ramirez,- - -,1,2,0,20,0,23.2,6.08,4.18,1.14,0.293,7010.00,4420.00,1000.00,90.50,5.32,4.95,5.17,-0.20,6600.00,,640.00,,30.00,2510.00,,,,,230.00,96.20,,87.80,,0.00,86.70,,,,,0.80,,-0.10,,0.10,-2.20,,,,
Steve Geltz,Rays,2,6,2,70,2,67.1,8.15,3.48,1.07,0.215,6800.00,3350.00,890.00,89.80,3.74,4.11,4.54,0.20,6410.00,,1400.00,,,2170.00,10.00,,,,,93.20,,84.10,,,83.20,94.30,,,,13.90,,0.10,,,-2.90,-0.10,,,
Deolis Guerra,Pirates,2,0,0,10,0,16.2,9.18,1.62,2.7,0.438,7830.00,3730.00,2780.00,87.90,6.48,5.71,3.41,-0.30,4660.00,,,,3840.00,,1500.00,,,,,91.30,,,,81.20,,79.50,,,,-4.50,,,,-2.90,,0.00,,,
Adam Wilk,Angels,0,0,0,1,0,2,9,4.5,4.5,0.2,10000.00,5000.00,5000.00,89.80,4.50,10.63,5.61,-0.10,4000.00,,,860.00,3710.00,290.00,1140.00,,,,,90.80,,,89.80,83.90,87.70,80.50,,,,-0.70,,,-0.20,0.70,0.20,0.30,,,
John Lamb,Reds,1,5,0,10,10,49.2,10.51,3.44,1.45,0.376,6930.00,3770.00,1430.00,85.30,5.80,4.16,3.73,0.60,5020.00,2000.00,,470.00,1650.00,10.00,860.00,,,,,92.00,87.20,,91.50,78.00,91.80,70.40,,,,-8.20,0.80,,0.80,-0.30,0.00,-0.30,,,
Jeff Beliveau,Rays,0,0,0,5,0,2.2,6.75,3.38,3.38,0.455,5360.00,1820.00,2000.00,91.40,13.50,7.63,5.53,-0.10,6670.00,2060.00,,,640.00,,640.00,,,,,88.10,80.90,,,81.50,,72.80,,,,0.30,-2.40,,,-0.20,,-0.50,,,
Justin Miller,Rockies,3,3,1,34,0,33.1,10.26,2.97,0.54,0.244,5820.00,3750.00,650.00,88.50,4.05,2.62,3.22,0.80,5940.00,,,,170.00,3890.00,,,,,,94.60,,,,88.40,86.90,,,,,3.30,,,,0.20,4.00,,,,
Oliver Drake,Orioles,0,0,0,13,0,15.2,9.77,5.17,0.57,0.333,7630.00,4780.00,590.00,88.30,2.87,3.52,4.29,0.10,4200.00,,5600.00,,,200.00,,,,,,91.60,,82.40,,,82.20,,,,,-1.30,,0.60,,,-0.20,,,,
Arquimedes Caminero,Pirates,5,1,0,73,0,74.2,8.8,3.5,0.84,0.276,7600.00,4760.00,1170.00,87.00,3.62,3.80,3.77,0.10,5330.00,2260.00,1140.00,1270.00,10.00,,,,,,,99.00,91.80,90.10,97.30,98.10,,,,,,-2.60,3.80,2.80,2.10,-0.10,,,,,
Kirby Yates,Rays,1,0,0,20,0,20.1,9.3,3.1,4.43,0.245,7650.00,2700.00,3030.00,89.40,7.97,8.64,4.64,-0.70,5590.00,,,30.00,860.00,1840.00,1690.00,,,,,93.20,,,95.00,84.30,85.40,78.40,,,,-1.10,,,0.00,-3.40,-2.70,-0.80,,,
Casey Kelly,Padres,0,2,0,3,2,11.1,5.56,2.38,0.79,0.409,4630.00,4320.00,910.00,89.80,7.94,4.10,4.39,0.00,4070.00,,,2210.00,600.00,1560.00,1560.00,,,,,91.10,,,91.00,86.40,86.60,81.60,,,,0.30,,,-2.60,-0.20,-0.20,-1.10,,,
Kyle Lobstein,Tigers,3,8,0,13,11,63.2,4.52,3.25,0.99,0.326,6360.00,5230.00,1130.00,89.20,5.94,4.64,4.65,0.50,2100.00,,,3820.00,1460.00,1900.00,720.00,,,,,87.30,,,87.00,79.70,82.10,75.70,,,,-3.60,,,-0.80,-1.00,-3.50,1.20,,,
Simon Castro,Rockies,2,0,0,11,0,10.1,7.84,4.35,0,0.344,5880.00,5000.00,0.00,88.80,6.10,3.13,4.13,0.10,5510.00,,,,50.00,4430.00,,,,,,91.60,,,,87.20,83.90,,,,,-1.30,,,,0.00,1.60,,,,
David Carpenter,Braves,0,0,0,4,0,3.2,12.27,0,4.91,0.4,9380.00,3330.00,2860.00,94.50,7.36,7.50,3.22,-0.20,300.00,,,5460.00,,4240.00,,,,,,88.00,,,89.30,,78.70,,,,,-0.70,,,-1.90,,0.50,,,,
Zac Rosscup,Cubs,2,1,0,33,0,26.2,9.79,4.39,1.69,0.296,8130.00,3560.00,1720.00,90.20,4.39,4.86,4.03,-0.40,5920.00,,,,,4040.00,,,,,40.00,93.70,,,,,86.90,,,,,-7.30,,,,,3.40,,,,
Michael Blazek,Brewers,5,3,0,45,0,55.2,7.6,2.91,0.49,0.242,7660.00,4740.00,580.00,86.00,2.43,3.17,3.85,0.50,3280.00,,,1300.00,10.00,2650.00,2760.00,,,,,94.20,,,92.60,85.20,82.70,77.90,,,,0.30,,,0.70,0.00,4.60,3.90,,,
Chaz Roe,Orioles,4,2,0,36,0,41.1,8.27,3.7,0.87,0.342,7620.00,5210.00,1210.00,89.00,4.14,3.86,3.78,0.20,1950.00,,,4650.00,60.00,3340.00,,,,,,94.00,,,93.50,85.50,83.30,,,,,-2.60,,,0.20,-0.10,-1.90,,,,
Mike Broadway,Giants,0,2,0,21,0,17.1,6.75,3.63,0.52,0.345,6770.00,3640.00,450.00,86.00,5.19,3.77,4.89,0.00,6280.00,,,,110.00,3470.00,,,,,140.00,96.00,,,,86.40,85.80,,,,,-1.80,,,,-0.50,-0.60,,,,
Pedro Villarreal,Reds,1,3,0,29,0,50,5.22,2.16,1.08,0.311,7550.00,4230.00,1030.00,87.70,3.42,4.43,4.59,-0.10,1860.00,2130.00,,3520.00,440.00,2050.00,,,,,,93.00,89.60,,93.00,86.50,84.60,,,,,1.00,2.90,,-1.90,-2.30,-2.10,,,,
Keyvius Sampson,Reds,2,6,0,13,12,52.1,7.22,4.47,1.2,0.341,6010.00,3910.00,1010.00,89.20,6.54,4.76,4.97,0.30,6210.00,,,10.00,1060.00,1310.00,1410.00,,,,,92.80,,,93.40,85.20,87.60,77.30,,,,-9.50,,,0.10,-4.10,-1.10,1.50,,,
Caleb Cotham,Yankees,1,0,0,12,0,9.2,10.24,0.93,3.72,0.345,8510.00,4060.00,3640.00,94.80,6.52,6.55,2.85,-0.20,4160.00,,,,,5390.00,450.00,,,,,93.10,,,,,88.30,77.80,,,,-2.10,,,,,-1.90,0.00,,,
Ryan Weber,Braves,0,3,0,5,5,28.1,6.04,1.91,0.95,0.278,6250.00,6420.00,2000.00,89.80,4.76,4.02,3.42,0.30,,,,6120.00,1700.00,,2190.00,,,,,,,,90.20,82.20,,76.60,,,,,,,1.70,2.60,,-1.50,,,
Jose Ramirez,- - -,1,0,0,8,0,7.2,5.87,11.74,0,0.441,5000.00,4120.00,0.00,87.80,12.91,6.92,9.80,-0.10,5980.00,,,,2150.00,1870.00,,,,,,96.40,,,,86.20,86.90,,,,,-7.50,,,,-0.10,-0.40,,,,
Edgar Olmos,Mariners,1,0,0,6,2,14,2.57,5.14,0.64,0.283,7200.00,5000.00,590.00,89.30,4.50,5.42,6.28,-0.10,3170.00,,,3080.00,2320.00,,1440.00,,,,,93.30,,,92.60,84.70,,77.70,,,,1.20,,,-3.10,0.60,,-0.50,,,
Ariel Pena,Brewers,2,1,0,6,5,27.1,8.89,4.61,0.66,0.293,6990.00,3730.00,630.00,90.50,4.28,3.87,4.64,0.40,6070.00,,,,530.00,3400.00,,,,,,92.30,,,,86.50,83.60,,,,,-3.20,,,,-1.60,4.10,,,,
Rafael Martin,Nationals,2,0,0,13,0,12.1,18.24,3.65,2.92,0.381,7260.00,3200.00,4000.00,93.50,5.11,4.76,1.74,-0.10,6960.00,,,40.00,570.00,2430.00,,,,,,89.90,,,91.40,84.10,80.60,,,,,-0.30,,,0.00,0.20,-2.80,,,,
Ryan Tepera,Blue Jays,0,2,1,32,0,33,6,1.64,2.18,0.169,8650.00,4540.00,2160.00,88.70,3.27,5.77,4.27,-0.50,1680.00,3980.00,,1980.00,840.00,1530.00,,,,,,95.50,90.20,,95.70,88.50,85.50,,,,,-2.50,2.60,,0.70,0.20,1.40,,,,
Chris Heston,Giants,12,11,0,31,31,177.2,7.14,3.24,0.81,0.299,7340.00,5300.00,1180.00,88.40,3.95,4.02,3.98,1.30,560.00,,,5510.00,1220.00,1350.00,1360.00,,,,,90.20,,,90.00,83.00,77.60,75.00,,,,-4.20,,,13.10,-2.00,-1.30,2.60,,,
Roman Mendez,- - -,0,1,0,15,0,13.2,6.59,5.27,1.32,0.324,7430.00,2050.00,950.00,88.60,5.27,5.55,5.91,-0.10,5860.00,,1450.00,,260.00,2390.00,40.00,,,,,94.70,,83.90,,90.40,84.30,79.50,,,,-5.40,,2.00,,-0.30,2.20,-0.10,,,
Michael Tonkin,Twins,0,0,0,26,0,23.1,7.33,3.47,1.54,0.258,8660.00,5710.00,1820.00,90.70,3.47,5.02,4.18,-0.10,,,,7300.00,170.00,2540.00,,,,,,,,,95.00,89.20,83.60,,,,,,,,-0.60,-0.10,1.00,,,,
Giovanni Soto,Indians,0,0,0,6,0,3.1,0,0,0,0.231,10000.00,6920.00,0.00,91.30,0.00,3.13,4.91,0.00,3860.00,,,,910.00,3860.00,1360.00,,,,,90.60,,,,74.10,86.00,75.70,,,,1.20,,,,-0.10,-0.30,0.10,,,
Carlos Contreras,Reds,0,0,0,22,0,28,6.11,6.43,0.96,0.232,6960.00,3900.00,790.00,87.60,4.82,5.42,6.03,-0.30,7010.00,,,80.00,1170.00,,1720.00,,,,20.00,92.70,,,92.00,84.50,,81.00,,,,3.10,,,-0.10,-1.30,,-2.50,,,
Mychal Givens,Orioles,2,0,0,22,0,30,11.4,1.8,0.3,0.268,7810.00,3940.00,450.00,87.50,1.80,1.73,2.38,0.90,6250.00,,,,730.00,3030.00,,,,,,95.30,,,,86.00,85.50,,,,,4.50,,,,0.00,2.20,,,,
Scott Alexander,Royals,0,0,0,4,0,6,4.5,4.5,0,0.278,6670.00,7780.00,0.00,92.80,4.50,4.13,4.38,0.00,240.00,,,7410.00,350.00,2000.00,,,,,,92.80,,,92.80,81.70,82.00,,,,,-0.10,,,0.90,0.10,-0.10,,,,
Seth Rosin,Phillies,0,0,0,1,0,2,0,4.5,4.5,0.545,5260.00,5000.00,5000.00,90.00,22.50,12.63,7.61,-0.10,390.00,,,5190.00,390.00,4040.00,,,,,,94.40,,,93.30,82.10,84.10,,,,,0.00,,,-1.40,-0.10,-3.00,,,,
Donn Roach,Cubs,0,1,0,1,1,3.1,2.7,2.7,0,0.5,5560.00,6880.00,0.00,91.10,10.80,3.43,4.32,0.10,1150.00,,1800.00,4590.00,,,2460.00,,,,,89.70,,83.80,88.90,,,73.60,,,,-0.10,,0.10,-0.80,,,-0.40,,,
Adam Liberatore,Dodgers,2,2,0,39,0,29.2,8.8,2.73,0.91,0.284,6820.00,4150.00,1000.00,89.00,4.25,3.40,3.58,0.20,7770.00,,,,840.00,1390.00,,,,,,94.70,,,,87.10,83.80,,,,,3.00,,,,0.90,0.30,,,,
Andrew Bellatti,Rays,3,1,0,17,0,23.1,6.94,3.86,1.54,0.194,9350.00,3490.00,1430.00,90.70,2.31,5.23,4.78,-0.40,5720.00,30.00,,,2080.00,2170.00,,,,,,93.60,93.10,,,85.50,82.30,,,,,-0.60,0.00,,,-0.20,2.40,,,,
Scott Copeland,Blue Jays,1,1,0,5,3,15.1,3.52,1.17,0.59,0.383,6100.00,4500.00,910.00,90.20,6.46,3.59,3.80,0.20,120.00,40.00,,6490.00,920.00,1750.00,640.00,,,,40.00,92.70,84.40,,91.00,85.40,79.90,73.80,,,,0.30,0.00,,-1.40,-1.10,-1.10,0.20,,,
Tyler Cravy,Brewers,0,8,0,14,7,42.2,7.38,4.64,1.05,0.326,6410.00,4020.00,1020.00,87.90,5.70,4.70,4.88,0.10,4580.00,,,770.00,2140.00,1550.00,960.00,,,,,91.50,,,90.90,84.90,85.20,79.30,,,,-3.70,,,-1.20,-0.80,0.10,-0.70,,,
Mike Foltynewicz,Braves,4,6,0,18,15,86.2,8,3.01,1.77,0.349,6770.00,3330.00,1370.00,88.10,5.71,5.05,4.61,0.10,4380.00,,,2730.00,330.00,1390.00,1170.00,,,,,96.10,,,95.60,85.10,84.70,76.60,,,,6.30,,,-10.10,-2.80,-7.60,-6.40,,,
Michael Mariot,Royals,0,0,0,2,0,3,3,6,3,0.125,10000.00,2220.00,2500.00,97.70,3.00,8.80,6.44,-0.10,5000.00,,,2050.00,680.00,2270.00,,,,,,93.10,,,92.10,86.30,82.50,,,,,1.80,,,-0.40,-0.10,-1.70,,,,
Asher Wojciechowski,Astros,0,1,0,5,3,16.1,8.82,3.86,1.1,0.389,6250.00,2000.00,740.00,89.50,7.16,4.05,4.90,0.10,5820.00,970.00,,,1290.00,1930.00,,,,,,92.20,88.30,,,80.80,83.00,,,,,-3.30,-1.40,,,-1.10,-0.10,,,,
Chasen Shreve,Yankees,6,2,0,59,0,58.1,9.87,5.09,1.54,0.273,8990.00,4600.00,1640.00,87.40,3.09,4.92,4.23,-0.20,5100.00,10.00,3210.00,10.00,,1660.00,10.00,,,,,92.10,92.40,83.10,91.50,,84.10,90.90,,,,2.80,-0.50,0.60,0.10,,-3.80,0.00,,,
Kenneth Roberts,- - -,1,1,0,15,0,13.2,3.95,1.98,0,0.4,5770.00,5090.00,0.00,89.70,7.24,3.13,4.75,0.10,2600.00,,,3920.00,1110.00,,2380.00,,,,,89.30,,,88.70,82.40,,77.40,,,,0.20,,,-0.30,-0.80,,-2.40,,,
Josh A. Smith,Reds,0,4,0,9,7,32.2,8.27,5.79,1.38,0.37,6720.00,3810.00,1390.00,89.10,6.89,5.68,5.31,-0.20,4650.00,,,310.00,1060.00,2520.00,1450.00,,,,20.00,90.80,,,87.50,79.50,83.90,77.70,,,,-4.90,,,-1.50,-1.60,-1.70,-0.50,,,
Jake Buchanan,Astros,0,0,0,5,0,9,5,4,1,0.154,9300.00,5770.00,1430.00,88.60,2.00,5.13,4.84,-0.10,440.00,2700.00,,4380.00,1020.00,,1460.00,,,,,90.00,83.00,,89.60,84.40,,77.50,,,,-0.60,-0.10,,-0.50,0.60,,0.80,,,
Ryan O'Rourke,Twins,0,0,0,28,0,22,9.82,6.14,1.23,0.236,5970.00,4040.00,1150.00,83.90,6.14,4.77,4.74,0.00,3540.00,,,1030.00,920.00,4210.00,310.00,,,,,91.10,,,91.30,83.40,79.20,74.40,,,,0.50,,,-2.10,0.20,2.40,0.30,,,
Christopher Rearick,Padres,0,0,0,5,0,3,12,6,6,0.5,7690.00,4440.00,6670.00,96.90,12.00,11.13,3.94,-0.20,860.00,,,4830.00,170.00,4140.00,,,,,,91.00,,,90.70,84.60,81.40,,,,,-1.20,,,-1.70,0.00,-0.70,,,,
Yhonathan Barrios,Brewers,0,0,0,5,0,6.2,9.45,0,0,0.2,10000.00,5330.00,0.00,88.30,0.00,1.03,1.92,0.20,5940.00,,,,3660.00,400.00,,,,,,97.30,,,,88.50,86.90,,,,,1.10,,,,1.90,0.00,,,,
Vince Velasquez,Astros,1,1,0,19,7,55.2,9.38,3.4,0.81,0.31,6820.00,3130.00,710.00,88.30,4.37,3.46,4.15,0.90,6840.00,,,,740.00,590.00,1820.00,,,,,95.30,,,,87.20,85.10,82.20,,,,3.20,,,,-0.90,-0.20,-0.40,,,
C.J. Riefenhauser,Rays,1,0,0,17,0,14.2,4.3,4.3,1.84,0.267,6740.00,4040.00,1300.00,83.80,5.52,6.27,5.93,-0.30,3750.00,,,,1120.00,5140.00,,,,,,89.80,,,,79.70,77.70,,,,,-1.10,,,,0.30,-0.20,,,,
Casey Sadler,Pirates,1,0,0,1,1,5,9,1.8,1.8,0.25,8330.00,4170.00,3330.00,90.70,3.60,4.33,2.62,0.00,390.00,,,6620.00,1170.00,1820.00,,,,,,90.80,,,91.90,85.20,86.70,,,,,-1.40,,,0.90,-0.30,0.40,,,,
Kevin Chapman,Astros,0,0,0,3,0,5.1,13.5,5.06,1.69,0.3,8930.00,1820.00,1430.00,86.00,3.38,4.26,3.76,0.00,,,,5650.00,870.00,3480.00,,,,,,,,,93.10,84.70,80.60,,,,,,,,-1.00,0.40,0.40,,,,
Aaron Barrett,Nationals,3,3,0,40,0,29.1,10.74,2.15,0.31,0.351,6280.00,4340.00,400.00,88.40,4.60,2.21,3.03,0.90,1830.00,,,4160.00,40.00,3950.00,,,,,20.00,94.80,,,94.80,84.60,86.20,,,,,1.20,,,2.00,-0.40,2.20,,,,
Rob Rasmussen,- - -,2,1,0,20,0,15.1,9.98,4.7,1.17,0.462,5130.00,3400.00,1050.00,90.60,9.98,4.18,4.31,0.00,5560.00,,,30.00,420.00,3230.00,760.00,,,,,93.60,,,93.60,83.10,86.50,76.30,,,,-4.50,,,-0.30,0.50,-0.60,-0.90,,,
Sean Nolin,Athletics,1,2,0,6,6,29,4.66,3.72,1.24,0.301,6760.00,4230.00,930.00,88.20,5.28,5.13,5.53,0.10,3920.00,,,1290.00,1950.00,1670.00,1170.00,,,,,88.50,,,86.10,77.40,83.20,74.60,,,,-2.60,,,0.30,0.30,-1.00,-1.90,,,
A.J. Achter,Twins,0,1,0,11,0,13.1,9.45,4.05,2.7,0.235,6450.00,2160.00,2000.00,88.00,6.75,6.28,4.60,-0.20,5840.00,,,180.00,1950.00,2040.00,,,,,,90.60,,,89.90,83.60,79.60,,,,,-3.00,,,0.00,-0.70,2.50,,,,
Daniel Burawa,- - -,0,0,0,13,0,13,7.62,3.46,1.38,0.257,5630.00,5410.00,2000.00,88.50,6.23,4.83,3.96,-0.10,7110.00,,,,,2890.00,,,,,,95.00,,,,,85.70,,,,,1.20,,,,,-0.40,,,,
Anthony Ranaudo,Rangers,0,1,0,4,2,15.1,6.46,4.7,1.17,0.314,5790.00,2940.00,830.00,89.00,7.63,5.16,5.77,0.00,6250.00,,,,790.00,1060.00,1910.00,,,,,92.20,,,,84.50,84.10,79.30,,,,-1.00,,,,-1.00,-0.70,0.00,,,
A.J. Schugel,Diamondbacks,0,0,0,5,0,9,5,5,2,0.385,4690.00,6100.00,2220.00,90.00,5.00,6.58,5.17,-0.20,5840.00,,,,3080.00,,1080.00,,,,,92.70,,,,81.50,,77.90,,,,-5.00,,,,-0.30,,-1.60,,,
Matt Grace,Nationals,2,1,0,26,0,17,7.41,4.24,0,0.426,6860.00,5900.00,0.00,88.60,4.24,3.08,4.03,0.30,100.00,,,7230.00,530.00,2130.00,,,,,,91.90,,,91.80,85.30,82.70,,,,,0.00,,,-3.10,-0.70,0.20,,,,
Sammy Solis,Nationals,1,1,0,18,0,21.1,7.17,1.69,0.84,0.329,6990.00,4510.00,830.00,87.00,3.38,3.46,3.90,0.10,7250.00,,,,1150.00,,1600.00,,,,,94.40,,,,85.30,,82.10,,,,-1.10,,,,1.60,,-0.80,,,
A.J. Cole,Nationals,0,0,1,3,1,9.1,8.68,0.96,0.96,0.394,2940.00,3640.00,830.00,90.00,5.79,2.92,3.42,0.10,6710.00,,,,1970.00,790.00,530.00,,,,,91.30,,,,82.70,81.00,74.70,,,,-1.10,,,,-1.20,0.30,0.50,,,
Zach Lee,Dodgers,0,1,0,1,1,4.2,5.79,1.93,1.93,0.526,4720.00,5500.00,3330.00,89.40,13.50,5.28,3.44,0.00,1330.00,,,2780.00,2000.00,2560.00,1330.00,,,,,90.50,,,89.30,83.60,87.80,72.80,,,,-0.50,,,-0.90,0.30,-1.10,-1.70,,,
Dallas Beeler,Cubs,0,1,0,3,3,8.1,7.56,7.56,0,0.438,4760.00,6670.00,0.00,88.60,9.72,3.97,5.21,0.10,,4360.00,180.00,3760.00,180.00,,1520.00,,,,,,89.20,83.30,89.20,84.20,,78.80,,,,,-2.10,-0.60,-1.10,-0.50,,1.20,,,
Bryan Mitchell,Yankees,0,2,1,20,2,29.2,8.8,4.85,1.21,0.359,6280.00,5000.00,1900.00,87.30,6.37,4.75,4.04,0.00,5020.00,1990.00,,,290.00,,2700.00,,,,,96.80,92.30,,,89.40,,83.10,,,,-3.70,-1.40,,,-0.70,,0.60,,,
Robbie Ray,Diamondbacks,5,12,0,23,23,127.2,8.39,3.45,0.63,0.311,7380.00,4330.00,730.00,89.80,3.52,3.53,4.03,2.30,5200.00,,,2030.00,800.00,1880.00,80.00,,,,10.00,94.30,,,93.60,85.00,83.40,80.30,,,,-3.80,,,5.70,1.30,-2.70,0.50,,,
Aaron Sanchez,Blue Jays,7,6,0,41,11,92.1,5.95,4.29,0.88,0.247,7930.00,6060.00,1550.00,89.30,3.22,4.61,4.27,0.20,1450.00,230.00,,6470.00,470.00,80.00,1300.00,,,,,95.60,92.20,,95.90,90.50,85.00,80.10,,,,-2.20,-0.90,,13.10,-2.10,0.20,0.40,,,
Jeff Ferrell,Tigers,0,0,0,9,0,11.1,4.76,3.18,2.38,0.243,6780.00,4000.00,1880.00,90.30,6.35,6.58,5.22,-0.10,6250.00,,,,2610.00,,1140.00,,,,,93.80,,,,83.50,,77.70,,,,-1.30,,,,-0.70,,0.00,,,
Brandon Cunniff,Braves,2,2,0,39,0,35,9.51,5.66,1.03,0.261,6680.00,4370.00,1330.00,88.00,4.63,4.39,4.17,-0.10,4830.00,,,1490.00,200.00,3470.00,,,,,,94.00,,,94.10,85.10,83.20,,,,,3.80,,,-2.50,0.00,2.40,,,,
Josh Osich,Giants,2,0,0,35,0,28.2,8.48,2.51,1.26,0.247,7580.00,4880.00,1140.00,87.40,2.20,3.90,3.89,0.00,4580.00,3700.00,,,1630.00,,,,,,90.00,96.50,91.20,,,86.10,,,,,,0.40,1.40,,,0.50,,,,,
Jose Dominguez,Rays,1,0,0,4,0,5.2,7.94,3.18,0,0.167,10000.00,7270.00,0.00,89.50,0.00,2.43,2.69,0.10,7780.00,,,,140.00,2080.00,,,,,,94.30,,,,83.80,82.70,,,,,2.20,,,,0.20,0.50,,,,
Jose Urena,Marlins,1,5,0,20,9,61.2,4.09,3.65,0.73,0.319,6810.00,4810.00,740.00,89.40,5.25,4.64,5.22,0.10,4130.00,,,1960.00,1800.00,1830.00,280.00,,,,,94.70,,,93.80,88.50,86.10,82.30,,,,-3.20,,,-1.10,-2.20,1.30,0.70,,,
Williams Perez,Braves,7,6,1,23,20,116.2,5.63,3.93,1,0.318,7220.00,5090.00,1200.00,90.10,4.78,4.87,4.79,0.00,20.00,,,7160.00,1660.00,10.00,1170.00,,,,,89.80,,,91.30,79.80,94.10,77.30,,,,0.40,,,-2.40,-1.90,0.10,-3.70,,,
Heath Hembree,Red Sox,2,0,0,22,0,25.1,5.33,3.2,1.78,0.26,8890.00,2720.00,1280.00,88.80,3.55,5.58,5.29,-0.20,6950.00,,,,670.00,2200.00,180.00,,,,,95.20,,,,89.80,89.40,81.20,,,,-0.50,,,,0.80,-1.80,0.30,,,
Toru Murata,Indians,0,1,0,1,1,3.1,5.4,2.7,5.4,0.182,0.00,3850.00,2500.00,85.10,8.10,10.63,6.38,-0.20,4930.00,,1590.00,1160.00,,1450.00,870.00,,,,,88.10,,79.60,88.30,,76.30,68.00,,,,-1.10,,-0.50,0.10,,0.50,-1.30,,,
Mayckol Guaipe,Mariners,0,3,0,21,0,26.2,7.43,4.39,1.69,0.372,7210.00,4880.00,2080.00,89.00,5.40,5.72,4.61,-0.60,2140.00,,,3740.00,250.00,3740.00,130.00,,,,,93.80,,,93.30,86.70,84.00,79.20,,,,-5.70,,,-2.70,-0.30,0.60,0.20,,,
Erik Goeddel,Mets,1,1,0,35,0,33.1,9.18,2.43,0.27,0.267,7740.00,4120.00,300.00,89.60,2.43,2.47,3.55,0.50,5570.00,20.00,2160.00,,,40.00,2200.00,,,,,93.90,94.00,85.00,,,90.50,78.50,,,,0.30,0.00,4.50,,,0.10,2.40,,,
Luke Jackson,Rangers,0,0,0,7,0,6.1,8.53,2.84,1.42,0.222,7140.00,5260.00,1670.00,94.50,4.26,4.24,3.58,0.00,6640.00,,,,730.00,,2640.00,,,,,97.00,,,,84.10,,80.70,,,,-0.40,,,,-0.30,,1.50,,,
Kyle Ryan,Tigers,2,4,0,16,6,56.1,4.79,3.2,1.44,0.288,7600.00,4780.00,1640.00,89.30,4.47,5.26,4.63,-0.20,3830.00,2630.00,,1910.00,920.00,710.00,,,,,,89.00,85.20,,87.60,82.20,76.50,,,,,2.80,2.80,,-3.90,-1.30,-1.70,,,,
Justin Nicolino,Marlins,5,4,0,12,12,74,2.8,2.43,0.97,0.259,7400.00,4440.00,860.00,88.00,4.01,4.85,5.30,0.10,,1820.00,,5590.00,1780.00,20.00,800.00,,,,,,85.90,,89.30,81.60,79.90,75.80,,,,,-1.60,,5.90,-0.50,-0.60,-2.20,,,
Noah Syndergaard,Mets,9,7,0,24,24,150,9.96,1.86,1.14,0.279,7500.00,4650.00,1430.00,86.20,3.24,3.25,2.91,2.90,3800.00,10.00,,2370.00,1430.00,210.00,2190.00,,,,,97.70,97.80,,97.70,88.80,88.40,81.20,,,,11.00,0.00,,3.40,-0.30,0.60,3.70,,,
Hansel Robles,Mets,4,3,0,57,0,54,10.17,3,1.33,0.227,6550.00,3280.00,1210.00,88.10,3.67,3.91,3.79,0.20,7210.00,,,,80.00,2710.00,,,,,,96.30,,,,89.60,88.20,,,,,6.70,,,,-0.60,-0.60,,,,
Hector Neris,Phillies,2,2,0,32,0,40.1,9.15,2.23,1.79,0.28,8090.00,3860.00,1510.00,88.50,3.79,4.72,4.08,-0.10,3080.00,,2700.00,2650.00,60.00,1490.00,20.00,,,,20.00,93.70,,86.00,94.10,89.70,87.10,93.20,,,,-0.90,,1.80,-1.20,0.00,-1.40,0.00,,,
Chris Martin,Yankees,0,2,1,24,0,20.2,7.84,2.61,0.87,0.361,6830.00,5270.00,1330.00,90.60,5.66,3.67,3.48,0.10,5750.00,2370.00,,360.00,30.00,1500.00,,,,,,95.20,89.80,,94.10,89.80,83.40,,,,,-0.10,-2.60,,1.00,0.00,-1.00,,,,
Brett Bochy,Giants,0,0,0,4,0,3,9,3,0,0.143,10000.00,2860.00,0.00,90.00,0.00,3.13,5.10,0.00,6670.00,2140.00,,,240.00,950.00,,,,,,89.30,86.50,,,81.50,80.50,,,,,0.40,0.70,,,0.00,-0.10,,,,
Michael Feliz,Astros,0,0,0,5,0,8,7.88,4.5,2.25,0.292,6250.00,3850.00,2500.00,87.90,7.88,6.51,4.73,-0.10,6900.00,,,,520.00,2590.00,,,,,,94.90,,,,85.20,82.70,,,,,-1.60,,,,0.30,-0.60,,,,
David Rollins,Mariners,0,2,0,20,0,25,7.56,2.88,1.08,0.405,6080.00,4100.00,1150.00,89.80,7.56,4.21,4.19,-0.10,6020.00,,,,2330.00,1630.00,20.00,,,,,92.80,,,,85.80,83.20,81.50,,,,-3.20,,,,-2.00,-0.80,-0.10,,,
Matt Andriese,Rays,3,5,2,25,8,65.2,6.72,2.47,1.1,0.298,7330.00,4810.00,1100.00,90.80,4.11,4.14,4.20,0.40,4470.00,2030.00,,1370.00,830.00,,1310.00,,,,,92.60,87.80,,91.40,85.30,,80.20,,,,-3.70,3.60,,0.60,-2.20,,0.00,,,
J.R. Graham,Twins,1,1,0,39,1,63.2,7.49,2.97,1.41,0.323,6790.00,4900.00,1610.00,90.30,4.95,4.69,4.08,-0.20,5500.00,,380.00,1210.00,,2910.00,,,,,,95.70,,84.00,94.30,,84.90,,,,,-5.80,,-0.90,-2.50,,1.50,,,,
Scott McGough,Marlins,0,0,0,6,0,6.2,5.4,5.4,0,0.444,5630.00,6300.00,0.00,88.80,9.45,3.73,4.62,0.00,6940.00,,,,420.00,2640.00,,,,,,93.80,,,,87.80,84.00,,,,,-1.20,,,,0.30,-1.30,,,,
Felipe Vazquez,Nationals,2,1,2,49,0,48.1,8.01,2.05,0.37,0.25,7240.00,4550.00,450.00,87.30,2.79,2.64,3.44,0.90,7580.00,10.00,,,510.00,1900.00,,,,,,95.80,96.40,,,87.40,81.20,,,,,6.60,0.20,,,2.10,3.00,,,,
Branden Pinder,Yankees,0,2,0,25,0,27.2,8.13,4.55,1.3,0.304,9070.00,3210.00,1330.00,89.80,2.93,4.72,4.45,-0.10,5520.00,,,,,3160.00,1320.00,,,,,95.30,,,,,86.30,83.20,,,,-7.00,,,,,3.50,0.60,,,
Yimi Garcia,Dodgers,3,5,1,59,1,56.2,10.8,1.59,1.27,0.263,7370.00,2850.00,1030.00,87.60,3.34,3.20,3.40,0.70,6810.00,100.00,,,190.00,2860.00,,,,,40.00,94.30,89.50,,,86.40,83.30,,,,,4.30,-0.10,,,0.10,4.60,,,,
Kendry Flores,Marlins,1,2,0,7,1,12.2,6.39,2.84,0,0.372,6190.00,3490.00,0.00,89.20,4.97,2.90,4.76,0.20,2080.00,1680.00,,2640.00,960.00,910.00,1730.00,,,,,91.10,85.70,,91.60,83.20,82.40,77.00,,,,-0.10,-1.70,,-0.10,0.30,1.00,0.60,,,
Jason Garcia,Orioles,1,0,0,21,0,29.2,6.67,5.16,0.91,0.25,6280.00,4400.00,940.00,87.30,4.25,4.89,5.16,-0.20,3540.00,,,2930.00,750.00,2770.00,,,,,,94.70,,,94.40,90.60,86.10,,,,,-0.80,,,1.40,0.20,-3.10,,,,
Matt Stites,Diamondbacks,0,0,0,11,0,8.2,6.23,5.19,1.04,0.406,2840.00,3940.00,910.00,89.60,12.46,4.98,5.35,0.00,6220.00,,,120.00,1630.00,2040.00,,,,,,94.70,,,92.30,86.70,86.60,,,,,-0.20,,,0.00,-1.70,-2.10,,,,
David Goforth,Brewers,1,0,0,20,0,24.2,8.76,2.92,1.46,0.373,7850.00,4740.00,1900.00,86.90,4.01,4.27,3.42,0.00,3260.00,4310.00,,2360.00,50.00,,30.00,,,,,94.90,89.70,,94.60,85.50,,79.30,,,,-5.00,1.60,,-1.30,0.30,,0.00,,,
Cody Martin,- - -,2,5,0,25,2,30.2,7.92,3.52,2.35,0.348,6310.00,3370.00,2110.00,90.90,7.92,6.13,4.57,-0.50,5540.00,1100.00,,550.00,140.00,1240.00,1360.00,,,,80.00,90.70,86.10,,88.80,84.30,81.80,73.90,,,,-1.70,-1.00,,-2.00,0.30,-2.60,-3.20,,,
Akeel Morris,Mets,0,0,0,1,0,0.2,0,40.5,13.5,0.5,2170.00,5000.00,5000.00,82.70,67.50,36.13,21.06,-0.10,6800.00,,,,2800.00,400.00,,,,,,93.40,,,,76.60,81.20,,,,,-0.50,,,,-1.90,-0.30,,,,
Keith Hessler,Diamondbacks,0,1,0,18,0,12.1,8.76,2.92,2.92,0.324,6250.00,3900.00,2220.00,90.10,8.03,6.38,4.31,-0.30,7270.00,,,50.00,,2680.00,,,,,,93.70,,,82.10,,83.20,,,,,-1.70,,,0.00,,-2.70,,,,
Cody Hall,Giants,0,0,0,7,0,8.1,7.56,4.32,1.08,0.321,6620.00,5170.00,1430.00,86.30,6.48,4.81,4.49,-0.10,5860.00,1050.00,,,2900.00,200.00,,,,,,93.40,85.70,,,83.50,82.70,,,,,-0.70,0.10,,,-1.20,0.20,,,,
Dan Winkler,Braves,0,0,0,2,0,1.2,10.8,5.4,10.8,0,10000.00,4000.00,6670.00,94.10,10.80,18.13,5.19,-0.10,3330.00,4240.00,,1210.00,610.00,610.00,,,,,,90.10,85.80,,89.10,86.70,81.40,,,,,-1.20,-0.90,,0.00,-0.10,0.20,,,,
Matthew Tracy,Yankees,0,0,0,1,0,2,4.5,9,0,0.25,2500.00,6250.00,0.00,81.30,0.00,5.13,6.61,0.00,4620.00,2560.00,,1540.00,510.00,,770.00,,,,,90.80,82.80,,91.30,80.20,,74.60,,,,0.50,0.00,,-0.80,0.20,,-0.70,,,
Nefi Ogando,Phillies,0,0,0,4,0,4,4.5,4.5,0,0.412,4440.00,4710.00,0.00,86.20,9.00,3.63,5.85,0.00,4760.00,,,950.00,120.00,4170.00,,,,,,96.00,,,96.40,90.00,89.60,,,,,-1.40,,,-0.90,0.20,0.80,,,,
Colton Murray,Phillies,0,1,0,8,0,7.2,10.57,2.35,2.35,0.375,7840.00,4800.00,2500.00,90.30,5.87,4.96,3.11,0.00,5770.00,,,,70.00,600.00,3560.00,,,,,94.10,,,,86.60,87.70,80.60,,,,-1.00,,,,0.00,0.30,-1.90,,,
Aaron Brooks,- - -,3,4,0,13,9,55.1,6.18,2.28,1.46,0.346,6380.00,4340.00,1380.00,89.70,6.67,4.85,4.47,0.10,4650.00,,,1360.00,2080.00,1460.00,450.00,,,,,92.50,,,91.40,83.20,86.00,78.40,,,,-3.90,,,-2.00,1.60,-4.70,-2.00,,,
Leonel Campos,Padres,0,0,0,1,0,1,9,9,0,0.333,5000.00,3330.00,0.00,93.70,9.00,4.13,5.61,0.00,6360.00,,,,,3640.00,,,,,,95.50,,,,,88.00,,,,,-0.30,,,,,0.00,,,,
Evan Marshall,Diamondbacks,0,2,0,13,0,13.1,4.73,3.38,2.03,0.37,7690.00,5310.00,2730.00,89.50,6.08,6.13,4.43,-0.30,1690.00,,,4610.00,1780.00,1920.00,,,,,,95.70,,,95.30,87.50,85.90,,,,,-1.00,,,-2.90,-0.30,0.40,,,,
Chris Bassitt,Athletics,1,8,0,18,13,86,6.7,3.14,0.52,0.289,7360.00,4450.00,570.00,87.20,3.56,3.76,4.50,1.50,2590.00,,,3040.00,730.00,2190.00,1450.00,,,,,94.60,,,93.80,84.20,86.20,72.10,,,,-3.90,,,3.40,1.70,4.70,-1.20,,,
Colin Rea,Padres,2,2,0,6,6,31.2,7.39,3.13,0.57,0.29,6550.00,4620.00,710.00,90.90,4.26,3.45,3.93,0.40,3070.00,1820.00,390.00,2860.00,,,1870.00,,,,,92.30,86.80,81.40,92.20,,,78.80,,,,-0.60,0.90,-1.40,1.10,,,0.60,,,
Spencer Patton,Rangers,1,1,0,27,0,24,10.5,4.5,1.88,0.317,4850.00,3550.00,2000.00,89.90,9.00,5.51,4.34,-0.30,6220.00,,,710.00,360.00,2710.00,,,,,,93.20,,,91.80,83.00,83.50,,,,,-4.60,,,-0.90,0.90,0.30,,,,
John Cornely,Braves,0,0,0,1,0,1,9,9,9,0.5,0.00,2000.00,3330.00,92.30,36.00,17.13,8.56,-0.10,5910.00,,,,,4090.00,,,,,,90.60,,,,,83.90,,,,,-1.10,,,,,-0.70,,,,
Nick Tropeano,Angels,3,2,0,8,7,37.2,9.08,2.39,0.48,0.342,6780.00,3850.00,450.00,87.70,3.82,2.60,3.64,1.10,5450.00,,230.00,,2050.00,1940.00,,,,,330.00,91.60,,80.80,,82.80,80.60,,,,,1.70,,-0.20,,-1.70,0.50,,,,
Drew Rucinski,Angels,0,2,0,4,1,7,5.14,7.71,1.29,0.391,7050.00,4580.00,1250.00,88.20,7.71,6.85,6.68,-0.20,6340.00,,1310.00,,920.00,1440.00,,,,,,92.00,,83.90,,82.40,82.60,,,,,-1.50,,0.20,,-1.80,-0.10,,,,
Taylor Hill,Nationals,0,0,0,6,0,12,6.75,3,1.5,0.343,8640.00,5140.00,2500.00,86.30,3.75,5.05,3.87,-0.10,1870.00,,,4500.00,910.00,2680.00,50.00,,,,,91.60,,,92.00,86.60,85.10,77.60,,,,-1.70,,,1.40,-0.50,0.20,0.00,,,
Cory Mazzoni,Padres,0,0,0,8,0,8.2,8.31,5.19,2.08,0.553,2380.00,5000.00,3330.00,91.80,20.77,6.02,4.04,-0.10,6220.00,,,,650.00,3130.00,,,,,,95.50,,,,87.50,84.60,,,,,-3.20,,,,-1.80,-4.70,,,,
Jack Leathersich,Mets,0,1,0,17,0,11.2,10.8,5.4,0,0.4,8500.00,4480.00,0.00,89.00,2.31,2.79,4.06,0.10,8550.00,,,,350.00,,1100.00,,,,,92.20,,,,83.00,,76.70,,,,-0.50,,,,0.30,,-0.60,,,
Adam Morgan,Phillies,5,7,0,15,15,84.1,5.23,1.81,1.49,0.276,7160.00,3060.00,1020.00,88.60,4.48,4.88,5.12,0.50,5660.00,,,20.00,1730.00,2250.00,350.00,,,,,89.50,,,89.30,78.10,81.50,74.40,,,,-9.60,,,0.30,1.50,1.50,1.60,,,
Mike Wright Jr.,Orioles,3,5,0,12,9,44.2,5.24,3.63,1.81,0.295,7210.00,3770.00,1360.00,90.70,6.04,6.13,5.70,-0.40,5480.00,,,1450.00,1110.00,1690.00,270.00,,,,,94.80,,,92.50,81.30,84.00,77.10,,,,-1.20,,,1.40,-7.30,-1.40,-1.30,,,
Nathan Karns,Rays,7,5,0,27,26,147,8.88,3.43,1.16,0.285,7870.00,4190.00,1280.00,89.20,3.67,4.09,3.90,1.40,4090.00,,,1720.00,1270.00,,2920.00,,,,,92.90,,,92.80,86.20,,81.80,,,,-10.90,,,3.40,-0.80,,9.50,,,
Jerad Eickhoff,Phillies,3,3,0,8,8,51,8.65,2.29,0.88,0.257,8040.00,3790.00,890.00,88.50,2.65,3.25,3.60,1.20,4760.00,10.00,,1040.00,690.00,1580.00,1910.00,,,,,91.50,75.70,,91.10,84.70,82.20,75.90,,,,5.70,0.00,,-2.80,-2.40,2.80,3.50,,,
Guido Knudson,Tigers,0,0,0,4,0,5,10.8,5.4,9,0.471,6670.00,3640.00,5000.00,93.80,18.00,15.53,5.49,-0.30,5740.00,,,520.00,170.00,3570.00,,,,,,93.80,,,93.60,85.90,83.10,,,,,-5.30,,,-1.30,-0.10,-1.70,,,,
Phil Klein,Rangers,1,0,0,11,2,17.1,6.23,5.19,2.08,0.317,6570.00,4220.00,1740.00,88.80,6.75,6.48,5.44,-0.20,4860.00,3360.00,,830.00,950.00,,,,,,,92.00,86.20,,92.00,84.80,,,,,,-1.60,-1.20,,-1.70,-1.80,,,,,
Tyler Wilson,Orioles,2,2,0,9,5,36,3.25,2.75,0.25,0.309,7460.00,5200.00,270.00,90.60,3.50,3.77,4.93,0.40,5330.00,,,1620.00,950.00,2100.00,,,,,,91.00,,,90.40,83.60,81.50,,,,,3.20,,,-0.90,-2.50,0.80,,,,
Adrian Houser,Brewers,0,0,0,2,0,2,0,9,0,0.167,10000.00,8330.00,0.00,90.10,0.00,6.13,6.13,0.00,4570.00,,,3710.00,570.00,,1140.00,,,,,95.60,,,95.20,86.80,,82.80,,,,-0.20,,,0.70,-0.10,,0.10,,,
Rafael Montero,Mets,0,1,0,5,1,10,11.7,4.5,0,0.321,5710.00,4810.00,0.00,88.10,4.50,2.03,3.36,0.40,5140.00,,,2460.00,840.00,1560.00,,,,,,93.30,,,92.00,84.60,81.60,,,,,2.30,,,-0.40,-0.10,-0.60,,,,
Jairo Diaz,Rockies,0,1,0,21,0,19,8.53,2.84,0.95,0.269,8330.00,5660.00,1430.00,90.70,2.37,3.56,3.27,0.20,3980.00,,,2120.00,40.00,3860.00,,,,,,97.80,,,96.70,84.40,90.00,,,,,4.70,,,-1.70,0.00,-2.00,,,,
Sean Gilmartin,Mets,3,2,0,50,1,57.1,8.48,2.83,0.31,0.302,7890.00,4460.00,340.00,86.80,2.67,2.75,3.82,0.80,2910.00,10.00,,1130.00,2150.00,3100.00,690.00,,,,,89.50,91.10,,89.30,77.60,79.30,70.10,,,,-2.30,0.10,,0.10,4.70,5.90,0.00,,,
Cody Anderson,Indians,7,3,0,15,15,91.1,4.34,2.36,0.89,0.237,7830.00,4590.00,920.00,88.20,3.05,4.27,4.58,1.00,5690.00,1550.00,,,2280.00,10.00,470.00,,,,,93.20,90.00,,,84.60,93.50,80.70,,,,6.50,3.40,,,1.70,0.00,-0.10,,,
Noe Ramirez,Red Sox,0,1,0,17,0,13,9,4.85,2.08,0.278,5620.00,4100.00,1880.00,87.90,4.15,6.21,5.03,-0.30,240.00,,,5180.00,2450.00,2130.00,,,,,,90.90,,,90.40,84.80,78.30,,,,,-0.20,,,-4.50,0.30,1.50,,,,
Chris Reed,Marlins,0,0,0,2,0,4,2.25,2.25,0,0.375,7140.00,4000.00,0.00,88.80,4.50,3.38,4.86,0.00,780.00,,,6280.00,1180.00,1770.00,,,,,,91.60,,,91.70,83.80,83.10,,,,,0.50,,,0.10,0.30,-0.70,,,,
Matt Wisler,Braves,8,8,0,20,19,109,5.94,3.3,1.32,0.298,7400.00,3360.00,1050.00,89.60,4.71,4.93,5.10,0.30,3780.00,,,2430.00,940.00,2290.00,570.00,,,,,94.00,,,93.70,87.30,82.80,77.30,,,,-0.60,,,-5.30,-1.50,1.30,-2.00,,,
Alex Meyer,Twins,0,0,0,2,0,2.2,10.13,10.13,6.75,0.286,4760.00,1250.00,2860.00,89.60,16.88,14.01,8.13,-0.20,7540.00,,,,,,2460.00,,,,,96.50,,,,,,85.90,,,,-2.30,,,,,,-0.40,,,
Elvis Araujo,Phillies,2,1,0,40,0,34.2,8.83,4.93,0.26,0.289,6650.00,4890.00,340.00,85.70,3.38,3.19,4.05,0.50,6170.00,,,150.00,330.00,3340.00,,,,,20.00,93.70,,,94.20,87.60,85.60,,,,,2.20,,,0.30,0.10,2.00,,,,
Shawn Armstrong,Indians,0,0,0,8,0,8,12.38,2.25,1.13,0.25,8930.00,3530.00,1430.00,90.70,2.25,2.76,2.43,0.10,7540.00,,,,,2390.00,80.00,,,,,94.60,,,,,90.60,84.20,,,,1.00,,,,,0.90,-0.10,,,
Matt Barnes,Red Sox,3,4,0,32,2,43,8.16,3.14,1.88,0.351,7450.00,3880.00,1640.00,89.90,5.44,5.23,4.39,-0.40,6150.00,,,,1420.00,170.00,2270.00,,,,,95.70,,,,87.00,87.80,82.90,,,,-7.80,,,,1.90,-0.50,-2.70,,,
Andrew McKirahan,Braves,1,0,0,27,0,27.1,7.24,3.29,0.66,0.409,6910.00,5000.00,1000.00,85.00,5.93,3.79,3.92,0.10,6510.00,,,950.00,20.00,2520.00,,,,,,93.80,,,93.80,88.50,83.50,,,,,0.80,,,-3.90,0.00,-0.30,,,,
Tony Zych,Mariners,0,0,0,13,1,18.1,11.78,1.47,0.49,0.348,7770.00,5000.00,590.00,84.70,2.45,2.04,2.70,0.60,5280.00,,,,220.00,4500.00,,,,,,96.60,,,,89.60,83.60,,,,,-0.20,,,,-1.60,3.70,,,,
Alex Claudio,Rangers,1,1,0,18,0,15.2,7.47,3.45,2.3,0.19,9700.00,5110.00,2670.00,87.00,2.87,6.13,4.23,-0.30,,2730.00,,3450.00,1980.00,1850.00,,,,,,,80.30,,85.50,69.60,75.80,,,,,,1.60,,-0.30,0.40,-0.60,,,,
Logan Verrett,- - -,1,2,1,18,4,47.2,7.36,2.83,1.13,0.219,7280.00,4460.00,1180.00,87.30,3.59,4.20,4.15,0.10,4030.00,,,1550.00,1500.00,2420.00,480.00,,,,20.00,91.20,,,90.50,84.50,84.70,77.70,,,,2.80,,,0.50,2.00,1.20,0.90,,,
Ken Giles,Phillies,6,3,15,69,0,70,11.19,3.21,0.26,0.311,7540.00,4480.00,330.00,87.80,1.80,2.13,3.05,2.10,6190.00,,,,10.00,3800.00,10.00,,,,,97.40,,,,85.80,86.80,95.80,,,,5.50,,,,0.00,6.80,-0.50,,,
Archie Bradley,Diamondbacks,2,3,0,8,8,35.2,5.8,5.55,0.76,0.297,6630.00,5800.00,970.00,91.80,5.80,4.96,5.15,0.00,7230.00,,,20.00,310.00,,2430.00,,,,20.00,93.40,,,94.50,86.10,,82.10,,,,0.30,,,-0.50,-0.50,,-0.80,,,
Abel De Los Santos,Nationals,0,0,0,2,0,1.2,16.2,5.4,5.4,0.333,10000.00,2500.00,5000.00,79.40,5.40,9.13,3.11,-0.10,5810.00,,,,650.00,1290.00,2260.00,,,,,94.60,,,,85.30,84.90,78.10,,,,-0.60,,,,-0.70,-0.10,0.60,,,
Joe Ross,Nationals,5,5,0,16,13,76.2,8.1,2.47,0.82,0.265,7000.00,4980.00,970.00,87.00,3.64,3.42,3.62,1.40,10.00,10.00,,5790.00,630.00,3570.00,,,,,,92.50,91.50,,93.70,87.40,84.20,,,,,-0.40,-1.30,,4.60,-4.20,10.40,,,,
Andrew Faulkner,Rangers,0,0,0,11,0,9.2,9.31,2.79,1.86,0.24,9760.00,4620.00,2500.00,87.30,2.79,4.69,3.22,0.00,6800.00,,,,930.00,2270.00,,,,,,94.60,,,,89.20,82.90,,,,,0.40,,,,0.10,0.90,,,,
Andrew Chafin,Diamondbacks,5,1,2,66,0,75,6.96,3.6,0.36,0.248,7730.00,5850.00,640.00,89.60,2.76,3.35,3.75,0.80,4030.00,,,3030.00,170.00,2780.00,,,,,,93.40,,,93.50,85.80,82.80,,,,,-1.70,,,9.90,0.70,3.10,,,,
Anthony DeSclafani,Reds,9,13,0,31,31,184.2,7.36,2.68,0.83,0.318,6990.00,4510.00,910.00,88.40,4.05,3.67,3.97,3.10,3310.00,0.00,,2860.00,750.00,2390.00,680.00,,,,0.00,93.70,92.00,,93.00,86.80,87.80,79.90,,,,1.40,0.80,,0.50,0.50,0.90,-1.50,,,
Taylor Jungmann,Brewers,9,8,0,21,21,119.1,8.07,3.54,0.83,0.29,7280.00,4630.00,990.00,87.60,3.77,3.92,4.10,1.50,5530.00,,,1300.00,680.00,,2500.00,,,,,92.60,,,92.20,84.80,,76.50,,,,-3.00,,,-2.50,-0.10,,7.70,,,
Henry Owens,Red Sox,4,4,0,11,11,63,7.14,3.43,1,0.293,6820.00,3470.00,750.00,87.90,4.57,4.28,5.01,0.70,2840.00,,,3120.00,2460.00,540.00,1050.00,,,,,90.00,,,89.60,78.00,77.70,72.60,,,,-2.90,,,-2.70,5.50,0.90,-0.50,,,
Frank Garces,Padres,0,1,0,40,1,38,7.11,5.21,2.13,0.288,7980.00,3850.00,1910.00,87.40,5.21,6.45,5.20,-0.90,5570.00,,,,1300.00,3120.00,20.00,,,,,91.80,,,,83.40,77.50,90.70,,,,-3.10,,,,-0.80,-3.50,0.10,,,
Eduardo Rodriguez,Red Sox,10,6,0,21,21,121.2,7.25,2.74,0.96,0.289,7420.00,4300.00,1040.00,87.60,3.85,3.92,4.05,1.80,6640.00,90.00,,200.00,1930.00,1140.00,,,,,10.00,94.90,91.00,,93.20,87.60,86.60,,,,,3.60,0.70,,1.30,5.30,-8.20,,,,
Carson Smith,Mariners,2,5,13,70,0,70,11.83,2.83,0.26,0.292,7850.00,6480.00,690.00,87.10,2.31,2.12,2.36,2.00,20.00,,,4870.00,590.00,4450.00,,,,,80.00,86.40,,,93.50,88.70,85.50,,,,,0.00,,,4.60,-0.40,9.70,,,,
Zach Davies,Brewers,3,2,0,6,6,34,6.35,3.97,0.53,0.245,7070.00,5760.00,950.00,86.90,3.71,3.81,3.96,0.50,20.00,350.00,,6310.00,2490.00,,840.00,,,,,91.60,84.50,,89.30,78.80,,72.00,,,,0.00,0.00,,1.30,1.40,,1.80,,,
Daniel Coulombe,- - -,0,0,0,14,0,16,6.19,5.06,0,0.327,6150.00,5580.00,0.00,87.60,5.63,3.45,4.55,0.10,4830.00,,,,380.00,2870.00,1850.00,,,,80.00,90.30,,,,82.80,85.30,80.20,,,,-2.40,,,,-1.10,2.00,1.20,,,
James Pazos,Yankees,0,0,0,11,0,5,5.4,5.4,0,0.2,10000.00,4290.00,0.00,90.70,0.00,3.73,5.51,0.00,8140.00,,,120.00,,1740.00,,,,,,94.40,,,94.60,,81.30,,,,,0.80,,,0.00,,0.60,,,,
Cam Bedrosian,Angels,1,0,0,34,0,33.1,9.18,5.13,0.81,0.378,7040.00,4290.00,910.00,89.60,5.40,4.15,4.45,-0.10,7350.00,,,,130.00,2510.00,20.00,,,,,95.00,,,,89.90,82.20,95.80,,,,2.50,,,,-0.90,-6.90,0.00,,,
Steven Matz,Mets,4,0,0,6,6,35.2,8.58,2.52,1.01,0.3,9140.00,4550.00,1180.00,87.50,2.27,3.61,3.56,0.50,20.00,,,6820.00,990.00,190.00,1980.00,,,,,96.10,,,95.00,84.00,87.60,77.70,,,,-0.10,,,1.60,1.50,-0.30,2.10,,,
R.J. Alvarez,Athletics,0,0,0,21,0,20,10.35,5.85,3.15,0.351,5630.00,2540.00,2060.00,91.00,9.90,7.33,5.29,-0.50,6360.00,,,,1200.00,2210.00,,,,,230.00,95.10,,,,90.00,84.80,,,,,-5.80,,,,-1.10,-3.70,,,,
Angel Nesbitt,Tigers,1,1,0,24,0,21.2,5.82,3.32,0.83,0.286,6410.00,4850.00,950.00,88.60,5.40,4.70,4.93,-0.10,5150.00,2590.00,,30.00,1550.00,690.00,,,,,,95.10,90.70,,95.70,88.10,84.20,,,,,2.20,2.70,,-0.10,-3.20,-2.60,,,,
Chris Beck,White Sox,0,1,0,1,1,6,4.5,6,0,0.417,6430.00,4780.00,0.00,86.20,6.00,4.13,6.10,0.10,5450.00,,,,2970.00,1290.00,300.00,,,,,93.40,,,,84.70,86.20,78.30,,,,-0.50,,,,-1.30,-1.00,0.30,,,
Drew VerHagen,Tigers,2,0,0,20,0,26.1,4.44,4.78,0.34,0.221,8540.00,7470.00,1430.00,87.90,2.05,4.35,4.25,0.00,,,,6680.00,630.00,,2700.00,,,,,,,,94.60,85.20,,77.30,,,,,,,6.80,-0.80,,0.20,,,
Eddie Butler,Rockies,3,10,0,16,16,79.1,4.99,4.76,1.47,0.333,7010.00,5000.00,1710.00,87.60,5.90,5.89,5.18,-0.30,4090.00,,,2420.00,1470.00,1410.00,610.00,,,,,94.40,,,93.60,88.00,87.80,81.80,,,,-7.70,,,-1.40,-8.40,-2.40,-3.90,,,
Daniel Norris,- - -,3,2,0,13,13,60,6.75,2.85,1.35,0.25,7000.00,3930.00,1140.00,87.90,3.75,4.63,4.63,0.50,3770.00,,,2110.00,1800.00,1320.00,1010.00,,,,,92.70,,,93.00,86.40,83.70,76.10,,,,-2.80,,,4.10,-0.80,-3.40,-0.10,,,
Sam Tuivailala,Cardinals,0,1,0,14,0,14.2,12.27,4.91,1.23,0.314,8790.00,4860.00,1670.00,85.30,3.07,3.82,3.25,0.10,6170.00,,,,,3030.00,810.00,,,,,97.20,,,,,87.40,81.40,,,,-2.00,,,,,1.60,-0.30,,,
Alec Asher,Phillies,0,6,0,7,7,29,4.97,3.1,2.48,0.33,5500.00,3610.00,1630.00,88.20,9.31,6.75,5.66,-0.40,3750.00,,,2320.00,1220.00,2440.00,280.00,,,,,92.00,,,91.60,83.60,85.30,78.80,,,,-3.00,,,-4.90,0.00,-3.80,-2.50,,,
Chad Smith,Athletics,0,0,0,2,0,1.1,13.5,20.25,0,0.714,4440.00,1430.00,0.00,85.30,33.75,9.13,11.35,0.00,1280.00,,,4890.00,,3830.00,,,,,,95.20,,,93.70,,86.20,,,,,-0.60,,,-1.40,,-0.50,,,,
Carl Edwards Jr.,Cubs,0,0,0,5,0,4.2,7.71,5.79,0,0.25,5000.00,5830.00,0.00,82.80,3.86,3.35,3.98,0.00,6480.00,,,,280.00,,3240.00,,,,,94.20,,,,89.60,,79.20,,,,0.40,,,,0.90,,-1.00,,,
Nick Goody,Yankees,0,0,0,7,0,5.2,4.76,4.76,0,0.316,7000.00,4740.00,0.00,86.60,4.76,4.19,5.76,0.00,5000.00,,,,360.00,4640.00,,,,,,91.80,,,,86.90,81.70,,,,,-1.20,,,,-0.50,0.50,,,,
Kyle Barraclough,Marlins,2,1,0,25,0,24.1,11.1,6.66,0.37,0.224,7690.00,3200.00,480.00,88.90,2.59,3.42,4.16,0.20,6080.00,,,,90.00,3840.00,,,,,,96.10,,,,89.30,83.80,,,,,1.40,,,,0.30,3.20,,,,
Tyler Duffey,Twins,5,1,0,10,10,58,8.22,3.1,0.62,0.315,7960.00,4970.00,780.00,90.10,3.10,3.24,3.64,1.30,3880.00,70.00,,1850.00,250.00,20.00,3930.00,,,,,91.10,86.70,,90.40,84.80,85.70,79.50,,,,0.20,-0.40,,4.80,-1.00,0.10,-0.20,,,
Tim Cooney,Cardinals,1,0,0,6,6,31.1,8.33,2.87,0.86,0.287,7760.00,3790.00,880.00,89.90,3.16,3.58,3.94,0.40,4720.00,,,150.00,2260.00,870.00,2010.00,,,,,90.40,,,90.70,83.00,81.90,75.20,,,,-4.70,,,0.20,1.40,1.50,2.00,,,
Roberto Osuna,Blue Jays,1,6,20,68,0,69.2,9.69,2.07,0.9,0.238,7970.00,3430.00,850.00,88.00,2.58,3.02,3.45,1.30,6880.00,,,320.00,1390.00,1400.00,,,,,10.00,96.30,,,95.50,83.10,88.60,,,,,8.20,,,0.30,1.60,2.20,,,,
Tyler Wagner,Brewers,0,2,0,3,3,13.2,3.29,4.61,0.66,0.389,6520.00,5090.00,590.00,90.10,7.24,4.89,5.77,0.00,360.00,2790.00,,3930.00,1820.00,,1090.00,,,,,90.40,89.70,,90.60,85.00,,78.90,,,,-0.80,0.40,,-5.20,-0.60,,1.10,,,
Jon Moscot,Reds,1,1,0,3,3,11.2,4.63,3.86,1.54,0.243,7580.00,4100.00,1180.00,86.30,4.63,5.62,5.54,0.00,3970.00,,,2120.00,920.00,1850.00,1140.00,,,,,92.60,,,91.40,82.40,82.90,77.00,,,,-2.20,,,0.80,0.40,-0.30,0.60,,,
Ian Thomas,- - -,1,1,0,14,1,23.1,8.87,4.24,0.77,0.29,7090.00,4680.00,1110.00,87.40,3.86,3.69,3.72,0.20,5270.00,940.00,,,2690.00,,1080.00,30.00,,,,90.50,87.40,,,79.40,,74.10,63.20,,,-2.80,1.20,,,4.00,,-1.30,0.00,,
Scott Oberg,Rockies,3,4,1,64,0,58.1,6.79,4.78,1.54,0.286,7410.00,5400.00,2080.00,88.40,5.09,5.76,4.74,-0.80,3790.00,,,2550.00,570.00,1920.00,1160.00,,,,10.00,95.60,,,95.50,88.30,85.20,78.60,,,,-0.20,,,-0.90,0.20,-2.40,-3.60,,,
Ryan Dull,Athletics,1,2,1,13,0,17,8.47,3.18,2.12,0.2,8070.00,4090.00,2000.00,88.40,4.24,5.37,4.05,-0.30,5500.00,,,,960.00,3530.00,,,,,,91.70,,,,85.00,83.10,,,,,-0.90,,,,1.50,0.70,,,,
Raudel Lazo,Marlins,0,0,0,7,0,5.2,7.94,3.18,1.59,0.25,8930.00,2940.00,1110.00,92.90,3.18,4.72,4.77,0.00,5000.00,,,,1150.00,3850.00,,,,,,90.50,,,,81.90,80.10,,,,,-0.40,,,,-0.70,0.40,,,,
Lance McCullers Jr.,Astros,6,7,0,22,22,125.2,9.24,3.08,0.72,0.288,7500.00,4650.00,930.00,88.60,3.22,3.26,3.50,2.50,5360.00,,,10.00,1000.00,130.00,3510.00,,,,10.00,95.20,,,95.60,89.80,87.10,84.80,,,,-3.80,,,0.10,-1.00,0.40,17.40,,,
Miguel Almonte,Royals,0,2,0,9,0,8.2,10.38,7.27,4.15,0.158,9570.00,5220.00,4000.00,86.50,6.23,9.60,5.30,-0.40,3460.00,,,2220.00,2600.00,,1730.00,,,,,97.10,,,96.70,90.90,,80.10,,,,-3.00,,,0.50,0.70,,-1.20,,,
Dario Alvarez,Mets,1,0,0,6,0,3.2,4.91,2.45,4.91,0.25,5770.00,1540.00,2220.00,87.80,12.27,11.59,8.12,-0.30,6380.00,290.00,,,,3330.00,,,,,,91.80,88.70,,,,81.40,,,,,-2.20,-0.10,,,,-0.10,,,,
Brian Johnson,Red Sox,0,1,0,1,1,4.1,6.23,8.31,0,0.25,4290.00,3330.00,0.00,91.70,8.31,4.52,5.54,0.00,4250.00,,,,120.00,1610.00,4020.00,,,,,87.80,,,,80.60,79.70,73.30,,,,-0.30,,,,0.00,0.40,0.80,,,
Frankie Montas,White Sox,0,2,0,7,2,15,12,5.4,0.6,0.361,6940.00,3780.00,590.00,86.30,4.80,3.13,3.94,0.20,5950.00,,,,140.00,3910.00,,,,,,97.20,,,,87.30,86.60,,,,,-3.40,,,,0.00,4.40,,,,
Kyuji Fujikawa,Rangers,0,0,0,2,0,1.2,5.4,0,5.4,0.2,0.00,0.00,2000.00,80.90,16.20,11.53,8.16,-0.10,5770.00,,2690.00,,,,1540.00,,,,,90.90,,82.40,,,,75.50,,,,-0.80,,-0.20,,,,0.20,,,
Adam Conley,Marlins,4,1,0,15,11,67,7.93,2.82,0.94,0.304,7700.00,4060.00,880.00,87.30,3.76,3.81,4.21,1.10,6470.00,,,,1960.00,1560.00,10.00,,,,,91.80,,,,84.10,85.10,92.30,,,,4.70,,,,-4.50,2.00,-0.10,,,
Jose Valdez,Tigers,0,1,0,7,0,9,4,4,2,0.276,8930.00,3550.00,1330.00,91.80,4.00,6.47,6.04,-0.20,6180.00,,,60.00,570.00,3120.00,60.00,,,,,97.00,,,95.20,88.70,86.30,98.30,,,,-4.50,,,0.00,1.00,1.40,0.20,,,
Jorge Lopez,Brewers,1,1,0,2,2,10,9,4.5,0,0.467,7000.00,5670.00,0.00,87.30,5.40,2.93,3.82,0.20,2620.00,,,4490.00,1390.00,,1500.00,,,,,94.80,,,94.20,88.90,,82.50,,,,-1.50,,,3.30,-1.50,,-1.30,,,
Chi Chi Gonzalez,Rangers,4,6,0,14,10,67,4.03,4.3,0.81,0.206,6750.00,4860.00,910.00,87.30,3.90,4.97,5.26,0.10,4330.00,,,2210.00,870.00,2180.00,400.00,,,,,92.90,,,91.80,87.00,87.60,80.40,,,,-0.50,,,0.70,-1.80,5.50,1.50,,,
Keone Kela,Rangers,7,5,1,68,0,60.1,10.14,2.69,0.6,0.314,8080.00,5060.00,890.00,87.80,2.39,2.64,2.88,1.50,5840.00,,,,1030.00,,3130.00,,,,,96.80,,,,90.70,,85.50,,,,0.60,,,,0.60,,8.50,,,
Severino Gonzalez,Phillies,3,3,0,7,7,30.2,8.22,2.05,1.47,0.394,5830.00,3590.00,1280.00,88.00,7.92,4.50,4.26,0.30,5970.00,,,850.00,1390.00,1790.00,,,,,,90.00,,,88.00,83.60,78.20,,,,,-4.20,,,-0.50,0.20,-5.20,,,,
Jonathan Aro,Red Sox,0,1,0,6,0,10.1,6.97,3.48,1.74,0.371,6790.00,1620.00,1000.00,90.60,6.97,5.26,5.60,-0.10,5190.00,,,1860.00,1750.00,1200.00,,,,,,93.60,,,93.30,84.60,86.40,,,,,-3.60,,,0.50,1.00,-2.20,,,,
Tyler Olson,Mariners,1,1,0,11,0,13.1,5.4,6.75,1.35,0.364,8020.00,4420.00,1330.00,89.60,5.40,6.36,6.07,-0.40,940.00,3190.00,,730.00,890.00,470.00,3770.00,,,,,89.50,89.40,,90.40,83.40,76.00,75.90,,,,0.70,-0.60,,-0.90,-0.40,-0.70,-1.20,,,
Buck Farmer,Tigers,0,4,0,14,5,40.1,5.36,3.79,2.23,0.326,6440.00,4530.00,1820.00,89.20,7.36,6.65,5.44,-0.60,5280.00,100.00,,710.00,2070.00,1820.00,,,,,20.00,93.30,89.20,,93.00,86.30,80.80,,,,,-8.70,0.30,,1.20,-2.70,-3.20,,,,
Michael Lorenzen,Reds,4,9,0,27,21,113.1,6.59,4.53,1.43,0.322,7350.00,4050.00,1580.00,89.00,5.40,5.40,4.82,-0.40,6520.00,80.00,,10.00,740.00,1590.00,1060.00,,,,,94.80,93.90,,90.20,85.80,86.40,81.00,,,,-14.50,-0.70,,0.00,-4.80,-0.10,-1.70,,,
Zack Godley,Diamondbacks,5,1,0,9,6,36.2,8.35,4.17,0.98,0.272,8300.00,4570.00,1330.00,89.20,3.19,4.33,4.12,0.20,120.00,5910.00,,2050.00,740.00,,1180.00,,,,,93.10,91.40,,91.70,83.30,,81.10,,,,-0.20,-0.10,,2.60,0.90,,1.50,,,
Nick Rumbelow,Yankees,1,1,0,17,0,15.2,8.62,2.87,1.15,0.304,7140.00,4380.00,1110.00,87.80,4.02,3.84,3.87,0.10,5760.00,,,,2970.00,,1270.00,,,,,93.80,,,,86.80,,81.00,,,,0.00,,,,-0.60,,-0.30,,,
Jon Gray,Rockies,0,2,0,9,9,40.2,8.85,3.1,0.89,0.384,6730.00,4240.00,980.00,88.90,5.53,3.63,3.84,0.90,6370.00,,,,1740.00,1890.00,,,,,,94.60,,,,85.30,87.10,,,,,-9.10,,,,-2.70,3.70,,,,
Corey Knebel,Brewers,0,0,0,48,0,50.1,10.37,3.04,1.43,0.29,8690.00,4920.00,1950.00,89.60,3.22,4.03,3.16,0.00,6850.00,,,,10.00,10.00,3130.00,,,,,95.60,,,,87.40,96.30,81.80,,,,2.10,,,,-0.10,0.00,-2.90,,,
Kyle Crockett,Indians,0,0,0,31,0,17.2,7.64,3.57,0.51,0.32,6780.00,5400.00,910.00,90.20,4.08,3.53,3.71,0.10,7250.00,,,,430.00,2320.00,,,,,,90.40,,,,83.80,80.90,,,,,-1.30,,,,1.00,1.10,,,,
Trevor Gott,Angels,4,2,0,48,0,47.2,5.1,3.02,0.38,0.266,7430.00,5720.00,500.00,87.10,3.02,3.74,4.44,0.20,200.00,,,8230.00,200.00,10.00,1340.00,,,,30.00,96.60,,,96.80,88.80,78.00,81.50,,,,-0.40,,,10.30,-0.80,-0.30,-2.10,,,
Silvino Bracho,Diamondbacks,0,0,1,13,0,12.1,12.41,2.92,1.46,0.269,10000.00,1790.00,1250.00,91.20,1.46,3.70,3.51,0.10,7540.00,,,,470.00,1940.00,50.00,,,,,93.60,,,,85.30,82.30,93.90,,,,1.40,,,,0.10,-0.40,-0.20,,,
Matt Marksberry,Braves,0,3,0,31,0,23.1,8.1,6.17,0.77,0.294,6350.00,3860.00,690.00,88.00,5.01,4.63,5.35,-0.10,5680.00,,,900.00,100.00,30.00,3300.00,,,,,92.90,,,93.60,86.20,92.00,81.40,,,,-1.10,,,-1.50,-0.10,0.00,0.40,,,
Andrew Heaney,Angels,6,4,0,18,18,105.2,6.64,2.38,0.77,0.284,7640.00,3830.00,700.00,89.50,3.49,3.73,4.41,1.60,10.00,,,6300.00,1840.00,10.00,1850.00,,,,10.00,84.30,,,91.90,83.40,93.40,80.10,,,,0.00,,,2.00,1.50,0.00,5.60,,,
Matthew Boyd,- - -,1,6,0,13,12,57.1,6.75,3.14,2.67,0.316,6160.00,3190.00,1770.00,89.40,7.53,6.59,5.20,-0.60,5690.00,,,,1780.00,1700.00,840.00,,,,,91.70,,,,79.30,80.50,71.50,,,,-10.90,,,,-7.10,2.10,-1.10,,,
Marco Gonzales,Cardinals,0,0,0,1,1,2.2,3.38,3.38,3.38,0.462,6060.00,3570.00,2500.00,95.50,13.50,8.38,5.72,-0.10,150.00,,,6210.00,2880.00,,760.00,,,,,91.50,,,90.50,81.60,,75.70,,,,-0.10,,,-1.60,-1.30,,0.10,,,
Kendall Graveman,Athletics,6,9,0,21,21,115.2,5.99,2.96,1.17,0.302,7570.00,5000.00,1390.00,89.60,4.05,4.60,4.30,0.50,400.00,2460.00,,5090.00,1190.00,10.00,860.00,,,,10.00,91.50,87.00,,91.90,84.40,83.60,77.30,,,,-1.10,0.50,,-5.30,-3.50,0.10,1.30,,,
Dalier Hinojosa,- - -,2,0,0,19,0,24.2,8.39,4.01,0.36,0.212,9380.00,4630.00,370.00,89.00,0.73,3.26,4.34,0.30,6400.00,,,,1270.00,2330.00,,,,,,93.70,,,,87.20,85.80,,,,,3.90,,,,0.20,1.30,,,,
Miguel Castro,- - -,0,3,4,18,0,17.2,9.17,5.09,2.04,0.333,7090.00,3330.00,1740.00,92.10,6.11,5.74,4.72,-0.30,210.00,,,5800.00,1680.00,2240.00,,,,,70.00,97.60,,,97.40,88.90,82.90,,,,,0.60,,,-4.10,-0.30,-0.20,,,,
Luis Severino,Yankees,5,3,0,11,11,62.1,8.09,3.18,1.3,0.265,8700.00,5030.00,1730.00,87.00,2.89,4.37,3.72,0.70,5120.00,,,,1420.00,3440.00,10.00,,,,10.00,95.90,,,,88.60,89.80,97.80,,,,1.10,,,,-1.40,0.60,0.30,,,
Carlos Rodon,White Sox,9,6,0,26,23,139.1,8.98,4.59,0.71,0.315,7540.00,4680.00,980.00,89.00,3.75,3.87,4.03,1.70,3320.00,0.00,,2710.00,910.00,3050.00,0.00,,,,,94.10,92.10,,93.60,85.10,87.70,88.10,,,,0.30,0.00,,-5.70,-3.30,9.90,0.00,,,
Aaron Nola,Phillies,6,2,0,13,13,77.2,7.88,2.2,1.27,0.289,8040.00,4760.00,1510.00,88.30,3.59,4.04,3.58,1.00,4090.00,,,2340.00,1150.00,,2420.00,,,,,91.30,,,90.60,82.70,,77.20,,,,-1.10,,,1.70,-2.80,,5.10,,,
Brandon Finnegan,- - -,5,2,0,20,4,48,8.44,3.94,1.5,0.238,8370.00,5430.00,2160.00,88.30,3.56,4.80,3.77,-0.10,,,,7190.00,730.00,2070.00,10.00,,,,,,,,93.20,85.90,82.70,80.80,,,,,,,2.40,-1.60,0.50,-0.10,,,
Jacob Lindgren,Yankees,0,0,0,7,0,7,10.29,5.14,3.86,0.143,10000.00,4120.00,4290.00,91.10,5.14,8.13,4.04,-0.20,6260.00,,,,,3740.00,,,,,,90.20,,,,,83.20,,,,,-3.50,,,,,1.70,,,,
Raisel Iglesias,Reds,3,7,0,18,16,95.1,9.82,2.64,1.04,0.286,7060.00,4720.00,1390.00,88.10,4.15,3.55,3.28,1.70,2750.00,,,2970.00,1430.00,2860.00,,,,,,92.90,,,92.30,86.30,83.00,,,,,3.70,,,-0.30,1.60,1.40,,,,
Brian Ellington,Marlins,2,1,0,23,0,25,6.48,4.68,0.36,0.225,7190.00,3890.00,310.00,86.10,2.88,4.01,5.38,0.10,7740.00,,,20.00,230.00,,2010.00,,,,,97.40,,,96.00,86.70,,81.50,,,,3.50,,,0.10,0.20,,-0.40,,,
